step,train_loss
0.0,11.000142097473145
0.0,10.964496612548828
